Model,AUC,Sensitivity,Specificity
Random Forest,0.751419024016906,,
XGBoost,0.7640643536567822,,
Ensemble (RF + XGBoost),0.7624155941253747,0.6279887482419128,0.7923420905533818
